influencer_id,name,followers,region,profile_url,profile_avg_views,profile_avg_likes,profile_avg_comments,profile_avg_saves,profile_post_count,profile_views_estimated,profile_post1_views,profile_post1_likes,profile_post1_comments,profile_post1_saves,profile_post1_url,profile_post2_views,profile_post2_likes,profile_post2_comments,profile_post2_saves,profile_post2_url,profile_post3_views,profile_post3_likes,profile_post3_comments,profile_post3_saves,profile_post3_url,campaign_est_views,campaign_stored_views,campaign_likes,campaign_comments,campaign_saves,campaign_post_count,campaign_url,split
5efe6020-00c1-4f74-9cab-da1a4bcfb11e,zlinshan,,,https://www.xiaohongshu.com/user/profile/5d1639430000000016038ef5,1028,11,2,6,3,1,1000,11,1,6,https://www.xiaohongshu.com/explore/6a913c490000000003028059,1167,11,3,5,https://www.xiaohongshu.com/explore/6a902e97000000002501f16c,917,10,1,6,https://www.xiaohongshu.com/explore/6a8e5c40000000000303c158,2667,640,29,3,11,1,https://xhslink.cn/o/6syVnsdrOPX,train
6041fbb2-dba3-42d0-9b0d-397d1f7d8805,ddu,,,https://www.xiaohongshu.com/user/profile/692eb286000000000300c13f,2056,23,1,8,3,1,3667,42,2,19,https://www.xiaohongshu.com/explore/6a9a954d0000000019027c84,1083,12,1,2,https://www.xiaohongshu.com/explore/6a94dcf300000000370355fe,1417,16,1,4,https://www.xiaohongshu.com/explore/6a8d0a6e00000000370345b0,1000,1000,12,0,1,1,https://www.xiaohongshu.com/discovery/item/6a7ed4b20000000008009c00?source=webshare&xhsshare=pc_web&xsec_token=CBY8KoHCmkyl7CXEG1kDPB_MEibuPip7sQsp7NfVcbl98=&xsec_source=pc_share,train
6d8ac714-7b99-4f16-958a-299cfa47d150,ㅅㅅ7,3420,,https://www.xiaohongshu.com/user/profile/5d1c8a62000000001203c8b5,3861,42,4,20,3,1,2417,23,6,18,https://www.xiaohongshu.com/explore/6a9e10f7000000000b001d19,6333,73,3,32,https://www.xiaohongshu.com/explore/6a9958120000000026032ef8,2833,30,4,9,https://www.xiaohongshu.com/explore/6a98fea1000000000b00d79a,1917,460,20,3,7,1,https://www.xiaohongshu.com/discovery/item/6a7e758e0000000033012d3a?source=webshare&xhsshare=pc_web&xsec_token=CBG27HHOhbqw5Mm01izZ_kfSe6tYgjeTaJSb3MApC2AqI=&xsec_source=pc_share,train
2cbb2f75-9d9c-469e-b458-a84cc3dc7907,31,1442,,https://www.xiaohongshu.com/user/profile/5a6ebe8611be1023f8abc01d,1056,12,1,5,3,1,1167,13,1,4,https://www.xiaohongshu.com/explore/6a804ebb0000000025015b56,1333,14,2,7,https://www.xiaohongshu.com/explore/6a78617d000000002803370d,667,8,0,3,https://www.xiaohongshu.com/explore/6a684007000000001c011d08,1167,280,13,1,4,1,https://www.xiaohongshu.com/discovery/item/6a804ebb0000000025015b56?source=webshare&xhsshare=pc_web&xsec_token=CB-CLOFLSUpx-CkdBT-P671FUlY6z8dHsQbrCto9zb628=&xsec_source=pc_share,train
f247f09f-b0c9-45d8-80fb-262f50a19ba2,momo,10685,,https://www.xiaohongshu.com/user/profile/606e56b40000000001000aa5,4417,53,0,7,3,1,4500,54,0,3,https://www.xiaohongshu.com/explore/6a9aa7d70000000026039e3e,4250,51,0,2,https://www.xiaohongshu.com/explore/6a9966b2000000000b00df23,4500,53,1,15,https://www.xiaohongshu.com/explore/6a96675100000000260395ce,9083,2180,104,5,26,1,https://www.xiaohongshu.com/discovery/item/6a7c3f3a0000000028000d16?source=webshare&xhsshare=pc_web&xsec_token=CBn5TvpDSWTExftt1SWf9wSBduyOfJoS_HggZib_dNvCg=&xsec_source=pc_share,train
5bdd8e96-9758-468b-8494-ac3300ad3fd3,A cup world,4386,,https://www.xiaohongshu.com/user/profile/5e8fc76a00000000010033a2,861,10,0,4,3,1,1167,14,0,4,https://www.xiaohongshu.com/explore/6a9cbf35000000002601c928,250,3,0,2,https://www.xiaohongshu.com/explore/6a9a7f5c000000002b01286b,1167,14,0,5,https://www.xiaohongshu.com/explore/6a98caf3000000002a02719a,1250,300,15,0,3,1,https://www.xiaohongshu.com/discovery/item/6a840552000000003302d5d2?source=webshare&xhsshare=pc_web&xsec_token=CBm6y9OKrr6zLoPHBQdBOKHWH7HKnpyH6Q6YXKoZPCFoM=&xsec_source=pc_share,train
7ae5d2e1-c508-4a9e-b051-e95b8d082e64,zhangliang,,,https://www.xiaohongshu.com/user/profile/656475be0000000002028b65,2417,26,3,16,3,1,1917,18,5,16,https://www.xiaohongshu.com/explore/6a94fe060000000037032f26,2333,28,0,14,https://www.xiaohongshu.com/explore/6a94291d0000000037031c1e,3000,32,4,17,https://www.xiaohongshu.com/explore/6a93dd830000000004036545,2500,600,30,0,14,1,https://www.xiaohongshu.com/discovery/item/6a7edeb60000000026034608?source=webshare&xhsshare=pc_web&xsec_token=ABVlxcdKV5pPtBB4yejzvtv0JShce3yLcI32bv9i5woPE=&xsec_source=pc_share,train
07d2c002-22d6-4ab6-9683-765b397d6bd8,韩妃子,10268,,https://www.xiaohongshu.com/user/profile/5571ad5e33f60c0bd4b979f0,1139,13,1,2,3,1,2833,34,0,3,https://www.xiaohongshu.com/explore/6a92fe8d0000000006012f05,250,3,0,1,https://www.xiaohongshu.com/explore/6a926a0d00000000200386df,333,2,2,1,https://www.xiaohongshu.com/explore/6a91348b000000001f0051ed,1583,380,17,2,3,1,https://www.xiaohongshu.com/discovery/item/6a844494000000003302c92e?source=webshare&xhsshare=pc_web&xsec_token=CBVWzkViEBci1ut6nxd7cPNHNQYZyb-12XwVh32WOtRR4=&xsec_source=pc_share,train
47f42cba-fd64-42de-b17e-be6c45e9d47c,在韩여니恩尼,2487,,https://www.xiaohongshu.com/user/profile/5b3de7f24eacab0d8f2c371a,917,7,4,7,3,1,1333,10,6,10,https://www.xiaohongshu.com/explore/6aa11e35000000001901ff8a,1000,7,5,8,https://www.xiaohongshu.com/explore/6aa0d832000000000d009983,417,5,0,2,https://www.xiaohongshu.com/explore/6a9fbf5a000000001401c7cb,5667,1360,67,1,6,1,https://www.xiaohongshu.com/discovery/item/6a7da91d0000000010007553?source=webshare&xhsshare=pc_web&xsec_token=CBXKz2n9-SFiFzn2AM1Iw-qfBppuwQKdVwOvS0ccZ5KgI=&xsec_source=pc_share,train
b7925e99-136b-4117-8177-9a4affc31e1b,时间暂停,1267,,https://www.xiaohongshu.com/user/profile/60859e0800000000010051bc,2944,35,1,11,3,1,3333,38,2,15,https://www.xiaohongshu.com/explore/6a844f990000000022012c2e,2917,35,0,8,https://www.xiaohongshu.com/explore/6a7d272a0000000022012b85,2583,31,0,10,https://www.xiaohongshu.com/explore/6a7b0af30000000032020888,2917,700,35,0,8,1,https://www.xiaohongshu.com/discovery/item/6a7d272a0000000022012b85?source=webshare&xhsshare=pc_web&xsec_token=CBoWeEjzKSasnjH23UZbYsa2Ly1s32sfTNF5XB8LnSnaE=&xsec_source=pc_share,train
333e2bcf-7861-4667-86be-7858cefdd896,桥本川页,2822,,https://www.xiaohongshu.com/user/profile/597da17482ec394320fd68cf,667,7,1,5,3,1,417,4,1,3,https://www.xiaohongshu.com/explore/6a9ce34f000000002802d604,750,9,0,6,https://www.xiaohongshu.com/explore/6a9cb5640000000025036d59,833,9,1,5,https://www.xiaohongshu.com/explore/6a9afb34000000002802fe5a,1083,260,12,1,2,1,https://www.xiaohongshu.com/discovery/item/6a7f21af0000000005028376?source=webshare&xhsshare=pc_web&xsec_token=CBkR3CTgRHC3YPpCzkTiSY5zY5XhpA7MZQOOqv180dmzY=&xsec_source=pc_share,train
ecad0d2c-ecb2-45cb-9b78-84c02a7f36ee,小雨baby在韩国,5484,,https://www.xiaohongshu.com/user/profile/62cab481000000000e00df3f,2056,4,21,1,3,1,500,4,2,1,https://www.xiaohongshu.com/explore/6a9a21a7000000002603191b,3500,4,38,0,https://www.xiaohongshu.com/explore/6a98c3da000000002a00645c,2167,3,23,2,https://www.xiaohongshu.com/explore/6a97d599000000002600828d,1417,340,17,0,4,1,https://www.xiaohongshu.com/discovery/item/6a7eca6e000000002202d56f?source=webshare&xhsshare=pc_web&xsec_token=CBdLTtctmgabNIJVMtTAmGrkhq5ASN-3ei4NujGEtaAjI=&xsec_source=pc_share,train
347f9124-1d2f-41ef-bb28-22e9fbdf4711,小贤..,13343,,https://www.xiaohongshu.com/user/profile/651e4bff00000000230249fe,3445,40,1,7,3,1,3500,41,1,11,https://www.xiaohongshu.com/explore/6a97e418000000001103a05c,2917,34,1,1,https://www.xiaohongshu.com/explore/6a96cc29000000002900fa33,3917,45,2,9,https://www.xiaohongshu.com/explore/6a9047e4000000000b02681d,4250,1020,49,2,8,1,https://www.xiaohongshu.com/discovery/item/6a7dc1a200000000210222d1?source=webshare&xhsshare=pc_web&xsec_token=CBUeJj8ycGg1cKarHghScKzBW90MZmpeyXJw3evdhiSIU=&xsec_source=pc_share,train
1d9bb511-e2c4-4daf-a2eb-1bc1daabb7ef,Vicky刘媛,10529,,https://www.xiaohongshu.com/user/profile/5e7c8db40000000001007f62,3250,35,4,21,3,1,3833,43,3,27,https://www.xiaohongshu.com/explore/6a9bfb50000000002601aba0,3250,36,3,23,https://www.xiaohongshu.com/explore/6a9bfaab000000000b037c7b,2667,27,5,13,https://www.xiaohongshu.com/explore/6a9a9f230000000029016ede,6417,1540,76,1,35,1,https://www.xiaohongshu.com/discovery/item/6a7ea5f70000000035017394?source=webshare&xhsshare=pc_web&xsec_token=CBA_GrvvMRWIgVJIi0JyifSnkeJbYpTT5lb1WHO-j52ag=&xsec_source=pc_share,train
758c942c-a6f9-4962-ab36-c0ef24ae0e53,이기가,,,https://www.xiaohongshu.com/user/profile/5ba4a3aa5376e5000126d87c,1361,14,2,11,3,1,667,7,1,4,https://www.xiaohongshu.com/explore/6a9e3339000000002502d792,2667,28,4,22,https://www.xiaohongshu.com/explore/6a9d6edc00000000250379ec,750,8,1,6,https://www.xiaohongshu.com/explore/6a9d546200000000110359c4,2750,2750,29,4,12,1,https://xhslink.cn/o/2eeR4yfQvWl,train
2cd06af7-52f3-4b79-9e60-0d63625a383d,予乐,514674,,https://www.xiaohongshu.com/user/profile/62231b820000000010006f36,118528,1386,36,559,3,1,93500,1084,38,434,https://www.xiaohongshu.com/explore/6a954301000000001803d12d,92083,1068,37,425,https://www.xiaohongshu.com/explore/6a951d2900000000040295b8,170000,2006,34,819,https://www.xiaohongshu.com/explore/6a94de770000000021030938,85667,53114,997,31,469,2,https://www.xiaohongshu.com/explore/6a8e5e21000000000402a022?xsec_token=CBePuy2kqP3sQx82sbImijmjh58lHeGjV4MV3k7_bCWRc=&xsec_source=app_share&type=video,train
6c716392-0eba-4318-81a0-9a9851eb6a26,Cherry1+1,1285,,https://www.xiaohongshu.com/user/profile/5a53816d4eacab3624af77be,2361,26,2,10,3,1,1000,12,0,0,https://www.xiaohongshu.com/explore/6a7f40ad00000000050311d6,4583,54,1,28,https://www.xiaohongshu.com/explore/6a6740da000000000402a37c,1500,12,6,2,https://www.xiaohongshu.com/explore/6a6614f6000000001c00c3b4,1000,240,12,0,0,1,https://www.xiaohongshu.com/discovery/item/6a7f40ad00000000050311d6?source=webshare&xhsshare=pc_web&xsec_token=CBzTjEvZCpz2-bIyVGIrldc18MspGgoAMgZdGn55xNo5c=&xsec_source=pc_share,train
fd014fe1-609b-4be8-8e4b-fae7ceeb140a,小姜同学,1133,,https://www.xiaohongshu.com/user/profile/5f7c7aad000000000100707c,3084,34,3,10,3,1,4167,49,1,15,https://www.xiaohongshu.com/explore/6a88a78a0000000026038aff,3167,31,7,11,https://www.xiaohongshu.com/explore/6a84413a0000000006006068,1917,22,1,4,https://www.xiaohongshu.com/explore/6a81799a000000002500552b,1417,340,16,1,4,1,https://www.xiaohongshu.com/discovery/item/6a8056750000000006006aab?source=webshare&xhsshare=pc_web&xsec_token=CBKKmsWRc7PWJrZoicQNsNebp4WIlvSP6M7zcumxIbO6M=&xsec_source=pc_share,train
8a45179c-15d4-402a-8672-728b4ec85271,元气少女瘦瘦,14035,,https://www.xiaohongshu.com/user/profile/67839028000000000801d965,3444,41,0,7,3,1,8500,102,0,19,https://www.xiaohongshu.com/explore/6aa003f8000000002803402a,1750,21,0,1,https://www.xiaohongshu.com/explore/6a9eab5f000000002803a2aa,83,1,0,1,https://www.xiaohongshu.com/explore/6a9d85ac000000001103853f,8667,2080,102,2,12,1,https://www.xiaohongshu.com/discovery/item/6a7ea95b00000000320225ae?source=webshare&xhsshare=pc_web&xsec_token=CBOOCvE4zylLeOgqIXCcz5P6GeU2jtYeg_yWFp3ewZRyQ=&xsec_source=pc_share,train
f367ec9a-de4f-4c2c-ba07-a4e66ea0d806,泡泡在韩国,1210,,https://www.xiaohongshu.com/user/profile/5af132b44eacab7cd886e89f,889,11,0,7,3,1,1500,18,0,12,https://www.xiaohongshu.com/explore/6a6f6c9b0000000033032a02,250,3,0,4,https://www.xiaohongshu.com/explore/6a6cbeec0000000028007cd2,917,11,0,6,https://www.xiaohongshu.com/explore/6a6bf7160000000028031127,1167,1167,14,0,3,1,https://www.xiaohongshu.com/discovery/item/6a83db4400000000280085dc?source=webshare&xhsshare=pc_web&xsec_token=CBMAJUCHiZUakhUkpFSwwAEs46vhEAZQHIU39tEwOlRzc=&xsec_source=pc_share,train
77355902-4719-45f7-aae7-c4a1c0304c19,有米不怕胖,23121,,https://www.xiaohongshu.com/user/profile/5b9239b38d5b7500016e886b?xsec_token=ABPoVl9rrZGHdo8NOl2JsUhvM32amJOezR5d6B10ayBuI=&xsec_source=pc_user,4000,46,2,4,3,1,6167,70,4,5,https://www.xiaohongshu.com/explore/6a975de20000000012026d93,3000,35,1,4,https://www.xiaohongshu.com/explore/6a95ecd20000000028038655,2833,34,0,3,https://www.xiaohongshu.com/explore/6a949d3c00000000080129fe,4833,1160,47,11,17,1,https://www.xiaohongshu.com/discovery/item/6a84324100000000290329dd?source=webshare&xhsshare=pc_web&xsec_token=CBAvDu7EcYM3Kw8_RvFxc03biKTupKAQxbhT0ZwCPbBDM=&xsec_source=pc_share,train
41a86f43-b1c4-4cf4-a845-4dc50e1ce6e4,..妮妮........,21308,,https://www.xiaohongshu.com/user/profile/5c5135b3000000001b013df7,2695,32,1,4,3,1,3250,38,1,7,https://www.xiaohongshu.com/explore/6aa00a70000000002601d7ec,2667,32,0,4,https://www.xiaohongshu.com/explore/6a9ff7c4000000002b026079,2167,25,1,2,https://www.xiaohongshu.com/explore/6a9e489a000000002603ba8c,3583,860,43,0,1,1,https://www.xiaohongshu.com/discovery/item/6a7f48690000000008009c00?source=webshare&xhsshare=pc_web&xsec_token=CBQHWPxdsoFkRBiZFJ-uVl4_qvZ4NWhD8gMxVCtjC7W9Y=&xsec_source=pc_share,train
1e3d6f83-ecd2-408f-9f85-f8429568bfc3,yum,,,https://www.xiaohongshu.com/user/profile/69550352000000003801a2e9,1889,22,0,2,3,1,1000,12,0,3,https://www.xiaohongshu.com/explore/6a7f26de000000001102046d,333,3,1,2,https://www.xiaohongshu.com/explore/6a7dde180000000011022d45,4333,52,0,2,https://www.xiaohongshu.com/explore/6a7b3eda0000000010037674,4333,1040,52,0,2,1,https://www.xiaohongshu.com/discovery/item/6a7b3eda0000000010037674?source=webshare&xhsshare=pc_web&xsec_token=ABQnH2XrvEq0ozrsyrKWcRhQG4IsBeNs06lQVZ5TwRUvk=&xsec_source=pc_share,train
618e3efb-f747-4b4d-8fbb-3d0214f779e6,狗哥不肥宅,1260,,https://www.xiaohongshu.com/user/profile/590aedba50c4b409b6a4332d,3056,37,0,10,3,1,2917,35,0,11,https://www.xiaohongshu.com/explore/6a9ad8be000000002802b9cc,3500,42,0,11,https://www.xiaohongshu.com/explore/6a94e24b000000002003c78c,2750,33,0,7,https://www.xiaohongshu.com/explore/6a9436a9000000000302ae89,1333,320,16,0,1,1,https://www.xiaohongshu.com/discovery/item/6a8450cd0000000028006b80?source=webshare&xhsshare=pc_web&xsec_token=CB0aOb5P8gZnlBTOKKyDJ_dgh6B3aRIutD0xMQo_QiVkU=&xsec_source=pc_share,train
85d5ff5b-36b8-41da-b519-b08789f2b479,淼淼淼淼淼淼,10133,,https://www.xiaohongshu.com/user/profile/5a47a60611be1025b9ca474a,2445,25,4,14,3,1,1167,11,3,10,https://www.xiaohongshu.com/explore/6a9191830000000024006a8e,2917,32,3,16,https://www.xiaohongshu.com/explore/6a9026d9000000001f01c3fe,3250,33,6,17,https://www.xiaohongshu.com/explore/6a8eb1e0000000000801179f,4083,980,44,5,22,1,https://www.xiaohongshu.com/discovery/item/6a7dd31f0000000027021632?source=webshare&xhsshare=pc_web&xsec_token=CBbfNRlsT48dcxcCN06xDnztltCyjTB7SbksFuPwHCFM0=&xsec_source=pc_share,train
da7e5902-ac89-4f7f-9ae2-f037d7c954d2,..Twinkle,10246,,https://www.xiaohongshu.com/user/profile/64e32065000000000200ef18,1666,19,1,3,3,1,583,5,2,3,https://www.xiaohongshu.com/explore/6a995e8d0000000028038382,833,9,1,2,https://www.xiaohongshu.com/explore/6a98df0f000000002803627c,3583,42,1,5,https://www.xiaohongshu.com/explore/6a9147fb000000000a00b658,9583,2300,115,0,3,1,https://www.xiaohongshu.com/discovery/item/6a7eb3ad0000000027022f68?source=webshare&xhsshare=pc_web&xsec_token=CB_l9i_n3roSwKIPLpTRGVq-rIg3C3Ubo38ikJG7LiErw=&xsec_source=pc_share,train
201b785a-376c-4c8e-9302-bc12d6f3bd45,首尔乔恩（探店 变美攻略）,21308,,https://www.xiaohongshu.com/user/profile/5aa95d9b4eacab72b149ea22,1917,23,0,21,3,1,1500,18,0,2,https://www.xiaohongshu.com/explore/6a99484e000000002802f226,2583,31,0,55,https://www.xiaohongshu.com/explore/6a9946720000000026014f5c,1667,20,0,5,https://www.xiaohongshu.com/explore/6a994223000000002502d74f,1333,320,15,1,4,1,https://www.xiaohongshu.com/discovery/item/6a83d82b000000002203178e?source=webshare&xhsshare=pc_web&xsec_token=CBDiBphC0S0eV15QkYiG970Pp3mmtZfZsb0Xk7Py5jeeI=&xsec_source=pc_share,train
e3619279-8127-49c2-9a9f-17c3b50e50c9,西米🎀（暑假营业中),1413,,https://www.xiaohongshu.com/user/profile/5c73ea960000000010012bb3,389,5,0,1,3,1,83,1,0,0,https://www.xiaohongshu.com/explore/6a918b98000000001f01e994,0,0,0,0,https://www.xiaohongshu.com/explore/6a918a07000000000a00917d,1083,13,0,3,https://www.xiaohongshu.com/explore/6a844558000000003301b7ca,1083,260,13,0,3,1,https://www.xiaohongshu.com/discovery/item/6a844558000000003301b7ca?source=webshare&xhsshare=pc_web&xsec_token=CBzLrECs2LXJ4XMELZo0Nz1fEWg2pnx78ZS08OGNsGgJ4=&xsec_source=pc_share,train
ea0dcec1-04ea-490a-87dc-5411c152efcc,在韩小..,1202,,https://www.xiaohongshu.com/user/profile/65616f240000000004039ee1,361,4,0,4,3,1,167,2,0,1,https://www.xiaohongshu.com/explore/6a9e4ef2000000002a025976,583,7,0,7,https://www.xiaohongshu.com/explore/6a9beee8000000000b00217e,333,4,0,4,https://www.xiaohongshu.com/explore/6a9a51e5000000002b024173,1667,400,18,2,3,1,https://www.xiaohongshu.com/discovery/item/6a7dc849000000003300e371?source=webshare&xhsshare=pc_web&xsec_token=CBIAvRcH3dqCBRIAbc3K_1J2KvOOsRv4JkUtNhgvK6IQU=&xsec_source=pc_share,train
87ccd2ed-2565-457a-9d98-35fbaec4a6e1,汉堡韩国生存日记,2485,,https://www.xiaohongshu.com/user/profile/5b4fe13fe8ac2b52bfaab0a3,1139,8,5,3,3,1,500,4,2,2,https://www.xiaohongshu.com/explore/6a9d62fe000000002503702c,2333,14,14,3,https://www.xiaohongshu.com/explore/6a99458d00000000110307bf,583,7,0,4,https://www.xiaohongshu.com/explore/6a98bfe20000000011032565,1083,260,13,0,4,1,https://www.xiaohongshu.com/discovery/item/6a8412170000000022030612?source=webshare&xhsshare=pc_web&xsec_token=CBBDlq-1m8L6NFATrWqhrAC_u3UH-11gTBwktgNlLS1Kc=&xsec_source=pc_share,train
323ba928-b8a1-44ed-b380-4b3a87fd5811,supa,,,https://www.xiaohongshu.com/user/profile/6a34acf6000000000e03bc00,2444,29,0,8,3,1,1250,14,1,1,https://www.xiaohongshu.com/explore/6a7bc5c9000000001102073c,1750,21,0,1,https://www.xiaohongshu.com/explore/6a798a8300000000100375ec,4333,52,0,23,https://www.xiaohongshu.com/explore/6a7763490000000012028314,1500,360,18,0,2,1,https://www.xiaohongshu.com/discovery/item/6a7b1f840000000011022c12?source=webshare&xhsshare=pc_web&xsec_token=ABQnH2XrvEq0ozrsyrKWcRhUYeElmnYy1CzX6NPQfpwGY=&xsec_source=pc_share,train
13970075-e501-45a6-a6a9-307bd9d80c2b,棈棈欧尼..,21070,,https://www.xiaohongshu.com/user/profile/56e0105c1c07df669522568d,1389,12,4,6,3,1,1167,11,3,7,https://www.xiaohongshu.com/explore/6aa15be4000000002802feae,1333,12,4,3,https://www.xiaohongshu.com/explore/6aa1527e0000000011032961,1667,14,6,8,https://www.xiaohongshu.com/explore/6aa127690000000026016070,6625,1590,77,4,4,2,https://www.xiaohongshu.com/discovery/item/6a7f0f7f0000000005028b7a?source=webshare&xhsshare=pc_web&xsec_token=CBBJ9c5azEeVC7gBIbhkeB3zCdewTWb8brjpkmla8IINA=&xsec_source=pc_share,train
00238382-0e08-42a1-a5f7-ece0d8529073,Syy小日记,2186,,https://www.xiaohongshu.com/user/profile/54dc88cc2e1d934b2e2546db,2194,19,8,4,3,1,1333,14,2,3,https://www.xiaohongshu.com/explore/6a9e3a75000000001203dd59,3833,26,20,5,https://www.xiaohongshu.com/explore/6a9d5b38000000002602148d,1417,16,1,5,https://www.xiaohongshu.com/explore/6a9d5026000000001203457a,2083,500,23,2,5,1,https://www.xiaohongshu.com/discovery/item/6a807d8f000000002603565d?source=webshare&xhsshare=pc_web&xsec_token=CBhLkU_LFqgJqj_ImBC7WsycCLkLOFDgz1gd6pSMFqSJY=&xsec_source=pc_share,train
a04cc0cd-78e5-4ee0-ac99-7f33a8510788,清一ke,11398,,https://www.xiaohongshu.com/user/profile/66bdfae2000000000d0255a4,10195,112,10,24,3,1,9667,103,13,21,https://www.xiaohongshu.com/explore/6a890c4d000000003703c4de,11000,122,10,22,https://www.xiaohongshu.com/explore/6a86e488000000000c0278a5,9917,112,7,30,https://www.xiaohongshu.com/explore/6a86d8c80000000032031121,10333,2480,120,4,33,1,https://www.xiaohongshu.com/discovery/item/6a7ecd9d0000000032033aad?source=webshare&xhsshare=pc_web&xsec_token=CB_3zv5hp19GqvBkKvO_uMopMMl6Mz5LrYH_csqNtNvfA=&xsec_source=pc_share,train
51fbf2fd-d0c2-4949-a94b-c230c1e97679,纯净水,12167,,https://www.xiaohongshu.com/user/profile/61e561870000000021024a3f,6361,69,8,1,3,1,9167,100,10,2,https://www.xiaohongshu.com/explore/6a8ed1f1000000002902ba27,5167,53,9,1,https://www.xiaohongshu.com/explore/6a8ae666000000003300c80c,4750,53,4,0,https://www.xiaohongshu.com/explore/6a84008f0000000028007aa4,4750,1140,53,4,0,1,https://www.xiaohongshu.com/discovery/item/6a84008f0000000028007aa4?source=webshare&xhsshare=pc_web&xsec_token=CBGBQO9Whkryi7iC_1UYXYjPoYw8UMvFSo0ZSPGfTIRmo=&xsec_source=pc_share,train
1c78b52e-3c8c-4d03-a682-b8fd3e889f76,小朋友的釜山长假..,10624,,https://www.xiaohongshu.com/user/profile/58ecd09282ec3967b8a4ceba,3750,43,2,56,3,1,3000,36,0,6,https://www.xiaohongshu.com/explore/6a9fa6b9000000002b013a58,2917,30,5,32,https://www.xiaohongshu.com/explore/6a9e8bb20000000027016d27,5333,63,1,130,https://www.xiaohongshu.com/explore/6a9e1310000000002603087d,1833,440,18,4,4,1,https://www.xiaohongshu.com/discovery/item/6a7e95370000000005020abb?source=webshare&xhsshare=pc_web&xsec_token=CBWX5tIAU6yAUERcQEGDnaGFZQkk2Tnz4ejTbzX2RGyEQ=&xsec_source=pc_share,train
8d2be147-a36f-42a5-9554-7bfd64d76b7c,강남남,2610,,https://www.xiaohongshu.com/user/profile/5960d79e6a6a69748a4758e3,1167,12,2,4,3,1,250,3,0,2,https://www.xiaohongshu.com/explore/6a72ff1100000000350144df,2833,27,7,8,https://www.xiaohongshu.com/explore/6a70200c000000002202dc8e,417,5,0,1,https://www.xiaohongshu.com/explore/6a6717f70000000014005a8d,1583,380,19,0,5,1,https://www.xiaohongshu.com/discovery/item/6a82a5500000000025013957?source=webshare&xhsshare=pc_web&xsec_token=CBlo15kxwUuZVS-PdMd2I4ZU0nuFelQF7ILak6MJVxrjA=&xsec_source=pc_share,train
fcb5b23f-c7a4-4226-9cb6-3a7da118dac0,娜美Nami,,,https://www.xiaohongshu.com/user/profile/66c45085000000001d031a1d,95805,1136,14,529,3,1,113833,1351,15,767,https://www.xiaohongshu.com/explore/6a8ebe440000000025018d6a,97583,1159,12,507,https://www.xiaohongshu.com/explore/6a8c8173000000002501f73e,76000,898,14,313,https://www.xiaohongshu.com/explore/6a76e5ce000000002500424f,114000,27360,1352,16,767,1,http://xhslink.com/o/8b2WKQVRsEv,train
33a2a420-2d9d-4006-b597-4c1b85dea13b,于..,1806,,https://www.xiaohongshu.com/user/profile/5e2ba8eb000000000100292a,417,4,1,0,3,1,750,5,4,0,https://www.xiaohongshu.com/explore/6a9f9058000000002b01e15c,0,0,0,0,https://www.xiaohongshu.com/explore/6a9e5cbc000000000b002a0d,500,6,0,1,https://www.xiaohongshu.com/explore/6a9e5a6f000000002a02d606,1417,340,16,1,1,1,https://www.xiaohongshu.com/discovery/item/6a7c538d000000002701cb0c?source=webshare&xhsshare=pc_web&xsec_token=CBHdmfEaCd77C5bYErsIpPxO9Jdi2rCG6ivkKGY_3zRIw=&xsec_source=pc_share,train
2a72b295-457b-47b6-822a-0e3cbdcb462f,韩智澈宝宝,10813,,https://www.xiaohongshu.com/user/profile/5ab1c36fe8ac2b35f51d6039,2028,16,9,7,3,1,4333,28,24,12,https://www.xiaohongshu.com/explore/6a9f5ef3000000000d02490f,1500,16,2,5,https://www.xiaohongshu.com/explore/6a9e3e5200000000110374e5,250,3,0,3,https://www.xiaohongshu.com/explore/6a9bf7ff000000002802fc52,1667,400,19,1,4,1,https://www.xiaohongshu.com/discovery/item/6a83d0bf000000002402e99a?source=webshare&xhsshare=pc_web&xsec_token=CBjVApIQ1RhqltkIapo5pbKDb9cI7M8CxKx0axmPU_2ho=&xsec_source=pc_share,train
5d92b8d2-a25b-42d8-ba32-1d9323d388a5,不吃酥饼,100329,,https://www.xiaohongshu.com/user/profile/609e2c53000000000101e240?xsec_token=YBkC0RYtGm3dN7YTwAz7BIAEJW9WN7R4GH6OTbPwjgkws=&xsec_source=app_share&xhsshare=CopyLink&shareRedId=OD80RUU3PD82NzUyOTgwNjY2OTdHNjlP&apptime=1782262814&share_id=ab23cca5afee4abaa214a176b493504c,57917,683,12,231,3,1,71083,840,13,134,https://www.xiaohongshu.com/explore/6a8eb53c000000001803d962,59417,699,14,318,https://www.xiaohongshu.com/explore/6a8bfed6000000001801bb27,43250,511,8,242,https://www.xiaohongshu.com/explore/6a8be05a0000000028002290,43250,43250,511,8,242,1,http://xhslink.com/o/2Hdee6IAPPI,train
688ed858-b9da-451c-9556-f925189258d3,Jung,10616,,https://www.xiaohongshu.com/user/profile/64ba39ec000000002b00a0fc,1306,15,0,2,3,1,1500,18,0,5,https://www.xiaohongshu.com/explore/6a9e9419000000002901a33d,1250,14,1,1,https://www.xiaohongshu.com/explore/6a9e3e76000000002a02cbee,1167,14,0,1,https://www.xiaohongshu.com/explore/6a9e1248000000002a0070e3,1167,280,14,0,3,1,https://www.xiaohongshu.com/discovery/item/6a7c6af800000000280306e2?source=webshare&xhsshare=pc_web&xsec_token=CBrQG6ntZpFtXPXbpkL3_OQ0r_DcGKKkoIP9k8knSp6ns=&xsec_source=pc_share,train
9e54f6ee-70cf-4cdf-af0f-3d5af0a28f04,Ribbon Baby,10502,,https://www.xiaohongshu.com/user/profile/5a1fb77f4eacab1fc09b1f1f,1750,7,14,5,3,1,1833,6,16,2,https://www.xiaohongshu.com/explore/6a9f5d67000000001901ebd6,1667,8,12,9,https://www.xiaohongshu.com/explore/6a9ed757000000000f03b6ea,1750,6,15,4,https://www.xiaohongshu.com/explore/6a9e4e83000000001401e1e1,7083,1700,74,11,49,1,https://www.xiaohongshu.com/discovery/item/6a7d39eb0000000011022f32?source=webshare&xhsshare=pc_web&xsec_token=CBaPA2LRAY7wL2uM6KMD95T-rUfbt1SuecaRNF-JVBGhk=&xsec_source=pc_share,train
8b5f2003-5296-4f5b-a66a-d58bf7d24501,小婷生存记,1230,,https://www.xiaohongshu.com/user/profile/65a3f5d3000000000b02afea,417,4,1,1,3,1,167,2,0,1,https://www.xiaohongshu.com/explore/6a9aa1f400000000270092b2,917,9,2,1,https://www.xiaohongshu.com/explore/6a9a9a670000000029010cc2,167,2,0,2,https://www.xiaohongshu.com/explore/6a98004f000000002700b291,917,220,11,0,1,1,https://www.xiaohongshu.com/discovery/item/6a7d73bc0000000025000438?source=webshare&xhsshare=pc_web&xsec_token=CBeZWc5IbBmhTRQ1uVfDhPLlO6rWbeyfjA-4gKesGEQz8=&xsec_source=pc_share,train
a3396ef1-529a-455f-af93-14ab84609abd,胡萝卜小兔酱..,2725,,https://www.xiaohongshu.com/user/profile/643f64a200000000290172e3,2000,23,1,9,3,1,2083,23,2,12,https://www.xiaohongshu.com/explore/6aa0b250000000001901fb52,1833,22,0,6,https://www.xiaohongshu.com/explore/6a9fa3cf00000000190301f7,2083,25,0,10,https://www.xiaohongshu.com/explore/6a9fa39e0000000010000074,3000,720,35,1,7,1,https://www.xiaohongshu.com/discovery/item/6a7dc4d40000000008009c00?source=webshare&xhsshare=pc_web&xsec_token=CBcufuUWZTg_WnIEMEzl6GtziuePOY3c9B7USZEgUxcrU=&xsec_source=pc_share,train
503df57c-02b2-4d60-b96e-532404bf497a,海鮮泡麵..（放假回家版）,2110,,https://www.xiaohongshu.com/user/profile/632b1979000000002303945d,6528,73,5,26,3,1,7083,82,3,29,https://www.xiaohongshu.com/explore/6a9919c6000000002b00234a,5833,63,7,21,https://www.xiaohongshu.com/explore/6a99124c000000002a027b2a,6667,74,6,28,https://www.xiaohongshu.com/explore/6a97b5b600000000290172c9,2750,660,32,1,6,1,https://www.xiaohongshu.com/discovery/item/6a7e8fdd000000000502384f?source=webshare&xhsshare=pc_web&xsec_token=CBg5fSHgYz1gzJadpzKcYHER-Q9Rv2yPNyYuvmx0aS0Cs=&xsec_source=pc_share,train
9b6e5aad-4751-4ed1-be0c-db966dea8e39,在韩宝妈,12319,,https://www.xiaohongshu.com/user/profile/5fc9adf3000000000100153e,833,8,2,7,3,1,667,7,1,2,https://www.xiaohongshu.com/explore/6a9e60a1000000002b001738,1333,13,3,4,https://www.xiaohongshu.com/explore/6a9e51d0000000000b00eaf1,500,5,1,16,https://www.xiaohongshu.com/explore/6a9e461a000000002b01121a,5250,5250,63,0,3,1,https://www.xiaohongshu.com/discovery/item/6a7ec72d00000000250118e4?source=webshare&xhsshare=pc_web&xsec_token=CBEXoEVydjIgw95--7SftZyRHBKJJUom5z7JyqFvN_kkQ=&xsec_source=pc_share,train
cd1260f5-111c-49b1-aeaf-a7b99705a00f,popo,14641,,https://www.xiaohongshu.com/user/profile/57220b6850c4b41d89985f56,2195,26,0,2,3,1,3500,42,0,3,https://www.xiaohongshu.com/explore/6aa1433c000000002b01396c,2667,32,0,1,https://www.xiaohongshu.com/explore/6aa1420f000000002a026e41,417,5,0,2,https://www.xiaohongshu.com/explore/6a9ff4e4000000002a02699d,3750,900,45,0,2,1,https://www.xiaohongshu.com/discovery/item/6a84087a0000000028031fce?source=webshare&xhsshare=pc_web&xsec_token=CBKveYaJcwyjDV9aI4DQdvUWMNkBqwUrgjAyoruxMhKMo=&xsec_source=pc_share,train
d16e1be8-2404-44c8-9021-84329661668e,首尔小杉,5839,,https://www.xiaohongshu.com/user/profile/62a56c33000000002102aea9,1361,16,0,7,3,1,1500,18,0,7,https://www.xiaohongshu.com/explore/6aa131e8000000002502c5a6,1000,12,0,7,https://www.xiaohongshu.com/explore/6aa0fd1a000000002802f8cb,1583,19,0,7,https://www.xiaohongshu.com/explore/6a9ff5790000000011036238,2417,580,29,0,5,1,https://www.xiaohongshu.com/discovery/item/6a7d9c57000000000801208e?source=webshare&xhsshare=pc_web&xsec_token=CBcC2RWPvUrtOuSmiMH_v84BVH10cmTo7XCOHjcsPQRLk=&xsec_source=pc_share,train
81cd0953-4381-4aa2-9bc0-638ed4e902e5,jinwen,,,https://www.xiaohongshu.com/user/profile/5e1aa61b0000000001000fdd,2611,30,1,14,3,1,3583,43,0,15,https://www.xiaohongshu.com/explore/6a9fe53c000000002b01e546,3083,35,2,18,https://www.xiaohongshu.com/explore/6a9fe4ea000000002901a3cd,1167,13,1,9,https://www.xiaohongshu.com/explore/6a9fe47f000000002b003ec7,6750,6750,81,0,37,1,http://xhslink.cn/o/9gtbTiok2Eb,train
5c82a8a2-6c2d-4c16-8d45-018234465d17,我爱ci火锅,1165,,https://www.xiaohongshu.com/user/profile/5b49d93c11be1029cab59c92,2167,25,1,4,3,1,667,6,2,6,https://www.xiaohongshu.com/explore/6a75a5670000000005021eda,2917,35,0,2,https://www.xiaohongshu.com/explore/6a6185a10000000013026d9d,2917,35,0,3,https://www.xiaohongshu.com/explore/6a607b92000000000f00b665,3250,780,39,0,5,1,https://www.xiaohongshu.com/discovery/item/6a7e9abb000000003300d8d5?source=webshare&xhsshare=pc_web&xsec_token=CB929riQkS10--zxc0qqwOX90_VHHe3rXu3K6Lpvs38QI=&xsec_source=pc_share,train
4af028f8-0c54-4d44-9bf3-e3ac17d1e048,薇薇雪,17261,,https://www.xiaohongshu.com/user/profile/577b0bfb5e87e711132f0a3d,2695,29,4,24,3,1,2250,26,1,18,https://www.xiaohongshu.com/explore/6a9a62cb000000002a02e1d4,2167,24,2,20,https://www.xiaohongshu.com/explore/6a98d69f00000000280334e7,3667,36,8,34,https://www.xiaohongshu.com/explore/6a953aad000000001f004a09,3167,760,37,1,23,1,https://www.xiaohongshu.com/discovery/item/6a7e25a6000000002202dbfc?source=webshare&xhsshare=pc_web&xsec_token=CBnnSSL34pTivMa0SKjaOaFkP9jMxZLHjY2Mqeov75wWI=&xsec_source=pc_share,train
0625fd06-09a5-40da-b924-dfc15982f084,卡卡的韩国生活指北,834,,https://www.xiaohongshu.com/user/profile/64d21c0a000000000b00af60,2750,19,14,12,3,1,2750,14,19,13,https://www.xiaohongshu.com/explore/6a9d3f26000000002701757e,4000,34,14,15,https://www.xiaohongshu.com/explore/6a9d0c3c000000002901a8a4,1500,10,8,7,https://www.xiaohongshu.com/explore/6a9a3d0e000000002600a51d,1333,320,14,2,4,1,https://www.xiaohongshu.com/discovery/item/6a7db723000000003301f4a9?source=webshare&xhsshare=pc_web&xsec_token=CBzsCom_VBez94Qhcv1dYKDGcSpi3t9LLGCTvIc4xLRcc=&xsec_source=pc_share,train
e8d0dc9e-34d3-434b-a758-9ce03c7e7382,木依萱热爱生活,23121,,https://www.xiaohongshu.com/user/profile/5b9239b38d5b7500016e886b,4000,46,2,4,3,1,6167,70,4,5,https://www.xiaohongshu.com/explore/6a975de20000000012026d93,3000,35,1,4,https://www.xiaohongshu.com/explore/6a95ecd20000000028038655,2833,34,0,3,https://www.xiaohongshu.com/explore/6a949d3c00000000080129fe,10583,2540,114,13,15,1,https://www.xiaohongshu.com/discovery/item/6a8436360000000026037c93?source=webshare&xhsshare=pc_web&xsec_token=CB0Qcj8aRh1hu8fZjzMLjPyUAC08OQREFIZDUNR7-4gwM=&xsec_source=pc_share,train
196651ee-6493-4468-adcd-9bc812ee72c8,首尔陈老师,2925,,https://www.xiaohongshu.com/user/profile/5f7c71670000000001006ccf,2000,23,1,17,3,1,667,8,0,5,https://www.xiaohongshu.com/explore/6a9f8a87000000002b013236,1000,10,2,2,https://www.xiaohongshu.com/explore/6a9ed73b000000002b01f403,4333,52,0,43,https://www.xiaohongshu.com/explore/6a9c03da000000002a027e0b,1000,240,10,2,9,1,https://www.xiaohongshu.com/discovery/item/6a845e4b0000000033012bab?source=webshare&xhsshare=pc_web&xsec_token=CBIDA22hajP-G5TxC1nBk68Ce0afn99VEVQE-Vu01vkFM=&xsec_source=pc_share,train
59010e04-7227-415f-baf5-3aa7ed63446e,不抱月亮..,2383,,https://www.xiaohongshu.com/user/profile/5c3ff7660000000007024da5,1778,20,1,10,3,1,2750,31,2,17,https://www.xiaohongshu.com/explore/6a997e87000000000d027467,750,9,0,5,https://www.xiaohongshu.com/explore/6a861247000000001c008e51,1833,21,1,9,https://www.xiaohongshu.com/explore/6a85d418000000001d005fe5,2000,480,24,0,6,1,https://www.xiaohongshu.com/discovery/item/6a7e93ef0000000022033ef8?source=webshare&xhsshare=pc_web&xsec_token=CBx7iDKPX91TlA2vA8jzodgTd9n4l-tXZprMNmyaIpUpc=&xsec_source=pc_share,train
f37262a0-6c40-454b-a4b7-ff111620e981,채원,10240,,https://www.xiaohongshu.com/user/profile/65e298bc000000000500a66b,2861,33,1,5,3,1,1083,12,1,7,https://www.xiaohongshu.com/explore/6a9ad5e70000000011030517,4750,56,1,5,https://www.xiaohongshu.com/explore/6a9a9ffb000000002502e4cd,2750,31,2,3,https://www.xiaohongshu.com/explore/6a9797e80000000011033325,2000,480,23,1,4,1,https://www.xiaohongshu.com/discovery/item/6a84492c00000000220310c4?source=webshare&xhsshare=pc_web&xsec_token=CB19EAoawAlUHWc_tF2ZNkk_vjpl5okx515TXN9jQPWqo=&xsec_source=pc_share,train
03dd1efa-103a-4e3a-b7a5-c5d889ca5314,一颗葡萄糖..,2369,,https://www.xiaohongshu.com/user/profile/5c6ff3c100000000120373a2,2361,27,2,4,3,1,2667,29,3,5,https://www.xiaohongshu.com/explore/6a9bcdd000000000260151e2,2000,22,2,3,https://www.xiaohongshu.com/explore/6a9a295c000000001001ee3c,2417,29,0,4,https://www.xiaohongshu.com/explore/6a990d7b000000000d024ea1,1417,1417,17,0,6,1,https://www.xiaohongshu.com/discovery/item/6a83cf2c0000000006005d96?source=webshare&xhsshare=pc_web&xsec_token=CB0o3Cp9cvMGzTZymbBwX3Jj9KwLIgAaVbgsQrNDBGk74=&xsec_source=pc_share,train
fd35b680-ad9e-4277-ba43-1e43f66649bf,小韩姐弟,,,https://www.xiaohongshu.com/user/profile/6717a4f3000000001d03316f,1111,13,0,0,3,1,3083,37,0,0,https://www.xiaohongshu.com/explore/6a9433670000000020038594,167,2,0,1,https://www.xiaohongshu.com/explore/6a93a108000000000502af9f,83,1,0,0,https://www.xiaohongshu.com/explore/6a914ec9000000001f00771d,917,220,11,0,2,1,https://www.xiaohongshu.com/discovery/item/6a7c55d8000000002202fd6f?source=webshare&xhsshare=pc_web&xsec_token=CBoCWf5WFwzsSz6KguyyNhgCQJxZMFZK7b0UhlfiAvJfM=&xsec_source=pc_share,train
1f44e8ae-4443-4d10-b604-ae44f98761d4,他也太好看了吧,1168,,https://www.xiaohongshu.com/user/profile/55a69f2758944657f34d3e30,1028,12,0,5,3,1,1000,12,0,9,https://www.xiaohongshu.com/explore/6a9e65550000000011037cfd,333,4,0,2,https://www.xiaohongshu.com/explore/6a9e4c51000000002502d129,1750,21,0,3,https://www.xiaohongshu.com/explore/6a9e27210000000011037b5e,1333,320,16,0,5,1,https://www.xiaohongshu.com/discovery/item/6a83eaad000000002402c4c5?source=webshare&xhsshare=pc_web&xsec_token=CBgTSMyWV2pnbYo58hDOpEjX_3t7-sB1JBIdFeJ7I0xqA=&xsec_source=pc_share,train
8f4ef22d-5fab-47b0-993f-16eaed0e675b,松松爱发呆,1513,,https://www.xiaohongshu.com/user/profile/59ead2cb11be104a861cba54,1028,10,3,6,3,1,1333,11,5,6,https://www.xiaohongshu.com/explore/6a9bf45f000000000b036784,833,9,1,7,https://www.xiaohongshu.com/explore/6a9bd985000000002b0257f6,917,9,2,5,https://www.xiaohongshu.com/explore/6a9b56f3000000002603b215,1667,400,19,1,5,1,https://www.xiaohongshu.com/discovery/item/6a7d5d25000000003302d2e0?source=webshare&xhsshare=pc_web&xsec_token=CB3FfAlP4L9ZO1rCUBICVNP6xzR6usaXq84dhoDuqkvPI=&xsec_source=pc_share,train
963f6fae-f2c0-43c7-8a18-f5b303375646,小鹿的花园,11421,,https://www.xiaohongshu.com/user/profile/5741b65f50c4b435b44f9284,2889,32,3,23,3,1,2667,31,1,22,https://www.xiaohongshu.com/explore/6a9d1369000000001203ff32,2833,32,2,23,https://www.xiaohongshu.com/explore/6a9a4e32000000001203dcdb,3167,33,5,24,https://www.xiaohongshu.com/explore/6a991d350000000026021e03,4000,960,47,1,25,1,https://www.xiaohongshu.com/discovery/item/6a7e4e3a000000002c00240f?source=webshare&xhsshare=pc_web&xsec_token=CBEDaIphhRg92KA5KshBsO0-h7PKzjpE8V0j8BkUgniXE=&xsec_source=pc_share,train
4225fb32-0d8b-4f00-8e39-e9dc325d0a7d,首尔林女士,2516,,https://www.xiaohongshu.com/user/profile/556d0bfee4b1cf5d2f5fe9cb,4305,47,5,24,3,1,1833,20,2,18,https://www.xiaohongshu.com/explore/6a9a86f9000000002b010239,9250,99,12,34,https://www.xiaohongshu.com/explore/6a980d9c000000002901994d,1833,22,0,19,https://www.xiaohongshu.com/explore/6a9527c2000000002a03e1a2,1750,420,21,0,5,1,https://www.xiaohongshu.com/discovery/item/6a7c3c330000000033035249?source=webshare&xhsshare=pc_web&xsec_token=CBrtjX9QCKxqYP8V9kZAh7rh0mfrCCBxgZww-03J1LLsU=&xsec_source=pc_share,train
689fa198-96bb-4566-b20c-487108f707e7,泡泡,10611,,https://www.xiaohongshu.com/user/profile/5d0ee6c1000000001202622c,5666,65,3,30,3,1,8583,99,4,47,https://www.xiaohongshu.com/explore/6a9a9fc4000000002502e36c,5083,59,2,22,https://www.xiaohongshu.com/explore/6a9a79570000000026017dc7,3333,36,4,20,https://www.xiaohongshu.com/explore/6a997868000000002802ca56,6167,1480,69,5,19,1,https://www.xiaohongshu.com/discovery/item/6a7f4a5e000000002402e0c4?source=webshare&xhsshare=pc_web&xsec_token=CBKxn0gmJMesm0XLeKHrN9hbCctx5LTOY3VmQyTRer7zw=&xsec_source=pc_share,train
8aac4e66-6eb2-474b-8abb-29b77afe9719,首尔打工女,1211,,https://www.xiaohongshu.com/user/profile/5cf20f0e000000001702f5ea,1056,10,2,7,3,1,1250,13,2,8,https://www.xiaohongshu.com/explore/6a98f3370000000004036f1f,417,3,2,2,https://www.xiaohongshu.com/explore/6a97beb40000000037033221,1500,15,3,11,https://www.xiaohongshu.com/explore/6a8b04690000000037030984,1583,380,18,1,6,1,https://www.xiaohongshu.com/discovery/item/6a7c271d0000000006004a17?source=webshare&xhsshare=pc_web&xsec_token=CBQdMb2Eh9wX9ymgCvOzJaYctqABNIaPzHeKx7XSbzdQs=&xsec_source=pc_share,train
319e5c7b-fc62-42ce-a1cb-80cd81118584,炫,11892,,https://www.xiaohongshu.com/user/profile/59f9d78a4eacab130859c05d,1889,20,3,11,3,1,1333,15,1,11,https://www.xiaohongshu.com/explore/6aa10437000000002502e241,2333,25,3,12,https://www.xiaohongshu.com/explore/6aa0b529000000001001ca40,2000,20,4,11,https://www.xiaohongshu.com/explore/6aa09b72000000002802f354,5250,1260,63,0,1,1,https://www.xiaohongshu.com/discovery/item/6a7fad71000000002402c8fb?source=webshare&xhsshare=pc_web&xsec_token=CBH9ZoGUEA-ZePxz-8jSQ0thl1z3RPciBJDkam0hIqxqQ=&xsec_source=pc_share,train
5be362c1-cc15-4c6c-8a3a-5cc4ce329f02,银玲在韩生活,1128,,https://www.xiaohongshu.com/user/profile/6954e3ed000000002603b41f,278,3,0,2,3,1,333,4,0,3,https://www.xiaohongshu.com/explore/6a950f1600000000110222bb,250,2,1,2,https://www.xiaohongshu.com/explore/6a8fbfe1000000001003609b,250,3,0,2,https://www.xiaohongshu.com/explore/6a8c10c70000000011020b17,1000,240,12,0,1,1,https://www.xiaohongshu.com/discovery/item/6a83c3f40000000011023006?source=webshare&xhsshare=pc_web&xsec_token=CBymI02b1FcX3fn2MkVpdKifd5Mw7m4LmqBCyHu3uWpuA=&xsec_source=pc_share,train
d0c0fdc4-b0ab-4448-9310-100f2fb5a365,yunkiii,2367,,https://www.xiaohongshu.com/user/profile/5b3ed5cde8ac2b2b215dfae6,1500,15,3,8,3,1,1500,17,1,11,https://www.xiaohongshu.com/explore/6a9f9fe800000000110367af,1000,7,5,4,https://www.xiaohongshu.com/explore/6a9d7a3b00000000110335ee,2000,22,2,9,https://www.xiaohongshu.com/explore/6a9bb5400000000011033787,1917,460,22,1,5,1,https://www.xiaohongshu.com/discovery/item/6a840865000000000502ae94?source=webshare&xhsshare=pc_web&xsec_token=ABd4DsjHhyK0GMWFAMnNOIVmtJSYvBw2SbqZtDLF1IoJ0=&xsec_source=pc_share,train
045727f4-b6e4-4716-a1f0-f58234304a1b,Xavi,,,https://www.xiaohongshu.com/user/profile/69eeeecf000000000d034c03,1528,18,1,1,3,1,2250,25,2,1,https://www.xiaohongshu.com/explore/6a90235b000000001102170c,1000,12,0,1,https://www.xiaohongshu.com/explore/6a8e712b000000001201161e,1333,16,0,1,https://www.xiaohongshu.com/explore/6a7af30d00000000100077c2,1333,320,16,0,1,1,https://www.xiaohongshu.com/discovery/item/6a7af30d00000000100077c2?source=webshare&xhsshare=pc_web&xsec_token=ABZyVRrC6kHtCyXHsTEKhQMPtOrRBqewL4ZJFj--XsXic=&xsec_source=pc_share,train
90ba735b-aa5b-425d-a767-e3d9b7ed040f,不想长大的圆媛,9312,,https://www.xiaohongshu.com/user/profile/552868449c5a6e7585b5a023,4305,52,0,3,3,1,4333,52,0,5,https://www.xiaohongshu.com/explore/6a9e558c000000002b003746,4250,51,0,2,https://www.xiaohongshu.com/explore/6a9e3b1d000000002b01358f,4333,52,0,3,https://www.xiaohongshu.com/explore/6a9d7685000000002a025430,4583,1100,55,0,4,1,https://www.xiaohongshu.com/discovery/item/6a84028e000000003303456f?source=webshare&xhsshare=pc_web&xsec_token=CB3TEYE9fD0Gv0skUQbf7nTXlA8OCG9h42mY67emHyYyo=&xsec_source=pc_share,train
0102ca4d-7686-4fdb-b28f-de463b2a81d7,崽崽很幸福,10257,,https://www.xiaohongshu.com/user/profile/66c3cd13000000001d030028,1333,15,1,5,3,1,583,7,0,5,https://www.xiaohongshu.com/explore/6a8d5e77000000000f01e983,3000,35,1,6,https://www.xiaohongshu.com/explore/6a897b38000000002b001d98,417,4,1,3,https://www.xiaohongshu.com/explore/6a89377e000000001602ae4b,750,180,9,0,4,1,https://www.xiaohongshu.com/discovery/item/6a84631b0000000028001895?source=webshare&xhsshare=pc_web&xsec_token=CBAqCUP1q_Z5Z9_tlXyu6SwDckFMbDB8yDiE1-yD9NBZE=&xsec_source=pc_share,train
b38b72ed-0d42-4a4d-b010-a3f9f815796b,jennie_chenn,2662,,https://www.xiaohongshu.com/user/profile/593ac8f3b1da1401bafb2fa0,694,8,0,5,3,1,500,6,0,6,https://www.xiaohongshu.com/explore/6a8fc301000000001e014fca,1083,12,1,2,https://www.xiaohongshu.com/explore/6a82766400000000330184fe,500,6,0,6,https://www.xiaohongshu.com/explore/6a7d6f29000000002c000e7f,1083,260,12,1,2,1,https://www.xiaohongshu.com/discovery/item/6a82766400000000330184fe?source=webshare&xhsshare=pc_web&xsec_token=CBM2mrHVWcUB8i823TONwvlKkwa6k8Wd4DO4nKWvT4dgE=&xsec_source=pc_share,train
14403357-ef04-4d3f-8740-a3505e56a8ec,爱奇田野,42241,,https://www.xiaohongshu.com/user/profile/62897a7500000000210250db,3528,38,4,33,3,1,2250,26,1,26,https://www.xiaohongshu.com/explore/6a9ebbd4000000002902ca1e,3667,41,3,33,https://www.xiaohongshu.com/explore/6a9c0187000000002900e26f,4667,47,9,39,https://www.xiaohongshu.com/explore/6a9a74f00000000029013574,3000,720,36,0,20,1,https://www.xiaohongshu.com/discovery/item/6a7ebafa0000000029031da7?source=webshare&xhsshare=pc_web&xsec_token=CBME7cYkGbHJJlOAJMsAYVbQQY_zIAPpcrL01zRSCka1c=&xsec_source=pc_share,train
64d2361e-f8c4-4a52-8b75-86976a6baa45,仙气飘飘然,1514,,https://www.xiaohongshu.com/user/profile/5f8458fe000000000101f9bc,472,6,0,4,3,1,833,10,0,1,https://www.xiaohongshu.com/explore/6a7db50a00000000080107d4,83,1,0,3,https://www.xiaohongshu.com/explore/6a7d425b00000000220318e9,500,6,0,9,https://www.xiaohongshu.com/explore/6a79ad3d0000000006006097,833,200,10,0,1,1,https://www.xiaohongshu.com/discovery/item/6a7db50a00000000080107d4?source=webshare&xhsshare=pc_web&xsec_token=CB8D62EZANqk_NX3vtbJSaN1tmdmoUyp7KQe612MgGrK8=&xsec_source=pc_share,train
14b12219-6088-4a72-8bf7-2b878de6bfcb,Cinyu야,3761,,https://www.xiaohongshu.com/user/profile/5a83b280e8ac2b769c4a5d7d,1695,19,1,6,3,1,667,7,1,5,https://www.xiaohongshu.com/explore/6a8bb24d0000000017008975,2167,25,1,9,https://www.xiaohongshu.com/explore/6a82cc860000000028001bd0,2250,25,2,4,https://www.xiaohongshu.com/explore/6a7dbeab0000000005020751,2167,520,25,1,9,1,https://www.xiaohongshu.com/discovery/item/6a82cc860000000028001bd0?source=webshare&xhsshare=pc_web&xsec_token=CBFOcS0De1vQzgXJUnbpPppmCOQpxouk6eL2lu5-wZTZY=&xsec_source=pc_share,train
1e79c79f-16de-4fe6-b00b-b3e69d451150,황유민,,,https://www.xiaohongshu.com/user/profile/61407d1d0000000002018b24,1056,12,0,0,3,1,333,3,1,0,https://www.xiaohongshu.com/explore/6a8eeb17000000002501fa0c,167,2,0,0,https://www.xiaohongshu.com/explore/6a8a6e65000000003a02da22,2667,32,0,0,https://www.xiaohongshu.com/explore/6a8a6c85000000003300fe5e,917,220,11,0,1,1,https://www.xiaohongshu.com/discovery/item/6a7eae820000000035015080?source=webshare&xhsshare=pc_web&xsec_token=CB8N7ZOgLhHsHXTVqGWPYbxcwwEXrB4N4iRyGlieiFehk=&xsec_source=pc_share,train
79440afe-dc4d-4ec6-ae11-b684c489dcc8,yoons,,,https://www.xiaohongshu.com/user/profile/694408a8000000000300e75d,3083,36,1,15,3,1,4833,56,2,28,https://www.xiaohongshu.com/explore/6a9839370000000037031b14,1917,23,0,7,https://www.xiaohongshu.com/explore/6a93d91a0000000004036394,2500,30,0,10,https://www.xiaohongshu.com/explore/6a92aea60000000037031640,1000,240,12,0,3,1,https://www.xiaohongshu.com/discovery/item/6a8179990000000002003c00?source=webshare&xhsshare=pc_web&xsec_token=ABAbCA_CFwoIRuKLdWhAKApTLTeWidi-GgexTIqsja3Iw=&xsec_source=pc_share,train
